Temperature, Time, A1, A2, A3, B1, B2, B3
13.37, 100.0, 3.50482555078, 8.64514226949, 3.6799158805, 7.73748401026, 4.4476334477, 3.59141694405
13.37, 100.0, 3.20595576664, 5.66567927085, 3.18793612796, 8.69137837421, 9.26740001725, 5.72103366313
13.37, 100.0, 4.49930590095, 8.15273744887, 8.86301199492, 7.19395399001, 4.70923492158, 2.63504971147
13.37, 100.0, 6.78399492732, 3.90571020963, 7.9682209413, 3.9574375595, 6.84885979566, 0.0179185629972
13.37, 100.0, 2.11608552296, 6.96776571932, 4.51617233712, 7.73066464877, 5.37484625136, 3.19465004885
