You enter into the domain of Azer the Austere, tread forward with five in your pocket... 
8.6663169752, 9.00247153495, 1.28616771898, 0.322889763554, 7.22313667023, 8.03793500915