Temperature, Time, 0, 1, 2, 3, 4, 5
13.37, 100.0, 3.77081013266, 1.83224051593, 4.50838524888, 0.136724414487, 3.74096000338, 3.94115350288
13.37, 100.0, 2.09011798108, 2.19049151172, 4.21059421628, 1.33951786382, 4.2588002598, 9.88747310908
13.37, 100.0, 4.98975351075, 0.754059999016, 9.6321101555, 3.4114334629, 2.57742683557, 9.4141671589
13.37, 100.0, 0.645798178338, 4.56217219715, 0.868401010681, 5.28914137794, 4.72936765693, 0.94120478674
13.37, 100.0, 5.70515500619, 3.72744874146, 0.695966619356, 2.0910127556, 0.0702619948412, 0.586409829275
