Temperature, Time, A1, A2, A3, B1, B2, B3
13.37, 100.0, 7.03957754679, 8.16017372055, 9.69970349344, 3.08896649093, 3.68127656319, 2.65779326598
13.37, 100.0, 5.74023918744, 2.65043808318, 2.67797495655, 0.555590689271, 6.08238863784, 5.62130480156
13.37, 100.0, 5.12171999451, 2.58420780517, 8.57264121776, 4.19856772705, 7.35936852802, 8.69293827867
13.37, 100.0, 6.0793182734, 1.94513523235, 5.29373532603, 1.43991078921, 9.46481901818, 1.56744605136
13.37, 100.0, 8.50452552446, 0.217359410036, 8.88145970578, 7.56782757366, 5.68671729207, 4.53754249136
